<ImportExportXml xmlns:xsi="http://www.w3.org/2001/XMLSchema-instance">
  <Entities></Entities>
  <Roles></Roles>
  <Workflows></Workflows>
  <FieldSecurityProfiles></FieldSecurityProfiles>
  <Templates />
  <EntityMaps />
  <EntityRelationships />
  <OrganizationSettings />
  <optionsets />
  <Dashboards>
    <Dashboard>
      <LocalizedNames>
        <LocalizedName description="Kendo UI Controls - Dashboard" languagecode="1033" />
      </LocalizedNames>
      <FormId>{0c6f23ea-326d-ea11-a811-000d3a34fa5f}</FormId>
      <IsCustomizable>1</IsCustomizable>
      <IsDefault>0</IsDefault>
      <FormXml>
        <forms type="dashboard">
          <form>
            <tabs>
              <tab showlabel="false" verticallayout="true" id="{4c36125a-6097-4296-bf20-2b0f6952b55b}">
                <labels>
                  <label description="Tab" languagecode="1033" />
                </labels>
                <columns>
                  <column width="100%">
                    <sections>
                      <section showlabel="false" showbar="true" columns="1111" id="{b881a690-dc6a-45f2-9a41-620814b80c4e}" name="{b881a690-dc6a-45f2-9a41-620814b80c4e}" locklevel="0" labelwidth="130">
                        <labels>
                          <label description="Section" languagecode="1033" />
                        </labels>
                        <rows>
                          <row>
                            <cell colspan="4" rowspan="27" showlabel="false" id="{22ab26cf-f6fc-4d97-bd5b-828b42b34dc0}">
                              <labels>
                                <label description="Kendo UI Controls DataGrid" languagecode="1033" />
                              </labels>
                              <control id="WebResource_KendoUIControls" classid="{9FDF5F91-88B1-47f4-AD53-C11EFC01A01D}">
                                <parameters>
                                  <Url>new_Xrm.KendoUIGridREST.html</Url>
                                  <PassParameters>false</PassParameters>
                                  <ShowOnMobileClient>false</ShowOnMobileClient>
                                  <Security>false</Security>
                                  <Scrolling>auto</Scrolling>
                                  <Border>true</Border>
                                  <WebResourceId>{239F3DFD-FD6C-EA11-A811-000D3A34FA5F}</WebResourceId>
                                </parameters>
                              </control>
                            </cell>
                          </row>
                          <row></row>
                          <row></row>
                          <row></row>
                          <row></row>
                          <row></row>
                          <row></row>
                          <row></row>
                          <row></row>
                          <row></row>
                          <row></row>
                          <row></row>
                          <row />
                          <row />
                          <row />
                          <row />
                          <row />
                          <row />
                          <row />
                          <row />
                          <row />
                          <row />
                          <row />
                          <row />
                          <row />
                          <row />
                          <row />
                          <row>
                            <cell colspan="4" rowspan="6" showlabel="false" ispreviewcell="true" id="{47274cd5-afe4-43f3-9505-902bd5184d18}">
                              <labels>
                                <label description="" languagecode="1033" />
                              </labels>
                            </cell>
                          </row>
                          <row />
                          <row />
                          <row />
                          <row />
                          <row />
                          <row>
                            <cell colspan="4" rowspan="6" showlabel="false" ispreviewcell="true" id="{1a1be66c-fd9e-43c6-8aa0-b3ad3e8ff2eb}">
                              <labels>
                                <label description="" languagecode="1033" />
                              </labels>
                            </cell>
                          </row>
                          <row />
                          <row />
                          <row />
                          <row />
                          <row />
                        </rows>
                      </section>
                    </sections>
                  </column>
                </columns>
              </tab>
            </tabs>
            <controlDescriptions />
          </form>
        </forms>
      </FormXml>
      <IntroducedVersion>1.0.0.0</IntroducedVersion>
      <IsTabletEnabled>0</IsTabletEnabled>
    </Dashboard>
  </Dashboards>
  <WebResources>
    <WebResource>
      <WebResourceId>{8b9ca4ca-fa6c-ea11-a811-000d3a34fa5f}</WebResourceId>
      <Name>new_kendoUI_loading_2x.gif</Name>
      <DisplayName>kendoUI_loading_2x.gif</DisplayName>
      <Description>kendoUI_loading_2x.gif</Description>
      <LanguageCode>1033</LanguageCode>
      <WebResourceType>7</WebResourceType>
      <IntroducedVersion>1.0.0.0</IntroducedVersion>
      <IsEnabledForMobileClient>0</IsEnabledForMobileClient>
      <IsAvailableForMobileOffline>0</IsAvailableForMobileOffline>
      <DependencyXml>&lt;Dependencies&gt;&lt;Dependency componentType="WebResource"/&gt;&lt;/Dependencies&gt;</DependencyXml>
      <IsCustomizable>1</IsCustomizable>
      <CanBeDeleted>1</CanBeDeleted>
      <IsHidden>0</IsHidden>
      <FileName>/WebResources/new_kendoUI_loading_2xgif8B9CA4CA-FA6C-EA11-A811-000D3A34FA5F</FileName>
    </WebResource>
    <WebResource>
      <WebResourceId>{73617efd-fa6c-ea11-a811-000d3a34fa5f}</WebResourceId>
      <Name>new_kendoUI_loading_image.gif</Name>
      <DisplayName>kendoUI_loading_image.gif</DisplayName>
      <Description>kendoUI_loading_image.gif</Description>
      <LanguageCode>1033</LanguageCode>
      <WebResourceType>7</WebResourceType>
      <IntroducedVersion>1.0.0.0</IntroducedVersion>
      <IsEnabledForMobileClient>0</IsEnabledForMobileClient>
      <IsAvailableForMobileOffline>0</IsAvailableForMobileOffline>
      <DependencyXml>&lt;Dependencies&gt;&lt;Dependency componentType="WebResource"/&gt;&lt;/Dependencies&gt;</DependencyXml>
      <IsCustomizable>1</IsCustomizable>
      <CanBeDeleted>1</CanBeDeleted>
      <IsHidden>0</IsHidden>
      <FileName>/WebResources/new_kendoUI_loading_imagegif73617EFD-FA6C-EA11-A811-000D3A34FA5F</FileName>
    </WebResource>
    <WebResource>
      <WebResourceId>{4d4676f6-fb6c-ea11-a811-000d3a34fa5f}</WebResourceId>
      <Name>new_kendoUI_markers.png</Name>
      <DisplayName>kendoUI_markers.png</DisplayName>
      <Description>kendoUI_markers.png</Description>
      <LanguageCode>1033</LanguageCode>
      <WebResourceType>5</WebResourceType>
      <IntroducedVersion>1.0.0.0</IntroducedVersion>
      <IsEnabledForMobileClient>0</IsEnabledForMobileClient>
      <IsAvailableForMobileOffline>0</IsAvailableForMobileOffline>
      <DependencyXml>&lt;Dependencies&gt;&lt;Dependency componentType="WebResource"/&gt;&lt;/Dependencies&gt;</DependencyXml>
      <IsCustomizable>1</IsCustomizable>
      <CanBeDeleted>1</CanBeDeleted>
      <IsHidden>0</IsHidden>
      <FileName>/WebResources/new_kendoUI_markerspng4D4676F6-FB6C-EA11-A811-000D3A34FA5F</FileName>
    </WebResource>
    <WebResource>
      <WebResourceId>{c5aac234-fc6c-ea11-a811-000d3a34fa5f}</WebResourceId>
      <Name>new_kendoUI_markers_2x.png</Name>
      <DisplayName>kendoUI_markers_2x.png</DisplayName>
      <Description>kendoUI_markers_2x.png</Description>
      <LanguageCode>1033</LanguageCode>
      <WebResourceType>5</WebResourceType>
      <IntroducedVersion>1.0.0.0</IntroducedVersion>
      <IsEnabledForMobileClient>0</IsEnabledForMobileClient>
      <IsAvailableForMobileOffline>0</IsAvailableForMobileOffline>
      <DependencyXml>&lt;Dependencies&gt;&lt;Dependency componentType="WebResource"/&gt;&lt;/Dependencies&gt;</DependencyXml>
      <IsCustomizable>1</IsCustomizable>
      <CanBeDeleted>1</CanBeDeleted>
      <IsHidden>0</IsHidden>
      <FileName>/WebResources/new_kendoUI_markers_2xpngC5AAC234-FC6C-EA11-A811-000D3A34FA5F</FileName>
    </WebResource>
    <WebResource>
      <WebResourceId>{5bd7a25f-fc6c-ea11-a811-000d3a34fa5f}</WebResourceId>
      <Name>new_kendoUI_slider_h.gif</Name>
      <DisplayName>kendoUI_slider_h.gif</DisplayName>
      <Description>kendoUI_slider_h.gif</Description>
      <LanguageCode>1033</LanguageCode>
      <WebResourceType>7</WebResourceType>
      <IntroducedVersion>1.0.0.0</IntroducedVersion>
      <IsEnabledForMobileClient>0</IsEnabledForMobileClient>
      <IsAvailableForMobileOffline>0</IsAvailableForMobileOffline>
      <DependencyXml>&lt;Dependencies&gt;&lt;Dependency componentType="WebResource"/&gt;&lt;/Dependencies&gt;</DependencyXml>
      <IsCustomizable>1</IsCustomizable>
      <CanBeDeleted>1</CanBeDeleted>
      <IsHidden>0</IsHidden>
      <FileName>/WebResources/new_kendoUI_slider_hgif5BD7A25F-FC6C-EA11-A811-000D3A34FA5F</FileName>
    </WebResource>
    <WebResource>
      <WebResourceId>{dde6249b-fc6c-ea11-a811-000d3a34fa5f}</WebResourceId>
      <Name>new_kendoUI_slider_v.gif</Name>
      <DisplayName>kendoUI_slider_v.gif</DisplayName>
      <Description>kendoUI_slider_v.gif</Description>
      <LanguageCode>1033</LanguageCode>
      <WebResourceType>7</WebResourceType>
      <IntroducedVersion>1.0.0.0</IntroducedVersion>
      <IsEnabledForMobileClient>0</IsEnabledForMobileClient>
      <IsAvailableForMobileOffline>0</IsAvailableForMobileOffline>
      <DependencyXml>&lt;Dependencies&gt;&lt;Dependency componentType="WebResource"/&gt;&lt;/Dependencies&gt;</DependencyXml>
      <IsCustomizable>1</IsCustomizable>
      <CanBeDeleted>1</CanBeDeleted>
      <IsHidden>0</IsHidden>
      <FileName>/WebResources/new_kendoUI_slider_vgifDDE6249B-FC6C-EA11-A811-000D3A34FA5F</FileName>
    </WebResource>
    <WebResource>
      <WebResourceId>{b0427066-fd6c-ea11-a811-000d3a34fa5f}</WebResourceId>
      <Name>new_kendoUI_sprite.png</Name>
      <DisplayName>kendoUI_sprite.png</DisplayName>
      <Description>kendoUI_sprite.png</Description>
      <LanguageCode>1033</LanguageCode>
      <WebResourceType>5</WebResourceType>
      <IntroducedVersion>1.0.0.0</IntroducedVersion>
      <IsEnabledForMobileClient>0</IsEnabledForMobileClient>
      <IsAvailableForMobileOffline>0</IsAvailableForMobileOffline>
      <DependencyXml>&lt;Dependencies&gt;&lt;Dependency componentType="WebResource"/&gt;&lt;/Dependencies&gt;</DependencyXml>
      <IsCustomizable>1</IsCustomizable>
      <CanBeDeleted>1</CanBeDeleted>
      <IsHidden>0</IsHidden>
      <FileName>/WebResources/new_kendoUI_spritepngB0427066-FD6C-EA11-A811-000D3A34FA5F</FileName>
    </WebResource>
    <WebResource>
      <WebResourceId>{b5cf9d80-fd6c-ea11-a811-000d3a34fa5f}</WebResourceId>
      <Name>new_kendoUI_sprite_2x.png</Name>
      <DisplayName>kendoUI_sprite_2x.png</DisplayName>
      <Description>kendoUI_sprite_2x.png</Description>
      <LanguageCode>1033</LanguageCode>
      <WebResourceType>5</WebResourceType>
      <IntroducedVersion>1.0.0.0</IntroducedVersion>
      <IsEnabledForMobileClient>0</IsEnabledForMobileClient>
      <IsAvailableForMobileOffline>0</IsAvailableForMobileOffline>
      <DependencyXml>&lt;Dependencies&gt;&lt;Dependency componentType="WebResource"/&gt;&lt;/Dependencies&gt;</DependencyXml>
      <IsCustomizable>1</IsCustomizable>
      <CanBeDeleted>1</CanBeDeleted>
      <IsHidden>0</IsHidden>
      <FileName>/WebResources/new_kendoUI_sprite_2xpngB5CF9D80-FD6C-EA11-A811-000D3A34FA5F</FileName>
    </WebResource>
    <WebResource>
      <WebResourceId>{1003a0b9-fd6c-ea11-a811-000d3a34fa5f}</WebResourceId>
      <Name>new_Xrm.KendoUIGridREST.js</Name>
      <DisplayName>Xrm.KendoUIGridREST.js</DisplayName>
      <Description>Xrm.KendoUIGridREST.js</Description>
      <LanguageCode>1033</LanguageCode>
      <WebResourceType>3</WebResourceType>
      <IntroducedVersion>1.0.0.0</IntroducedVersion>
      <IsEnabledForMobileClient>0</IsEnabledForMobileClient>
      <IsAvailableForMobileOffline>0</IsAvailableForMobileOffline>
      <DependencyXml>&lt;Dependencies&gt;&lt;Dependency componentType="WebResource"/&gt;&lt;/Dependencies&gt;</DependencyXml>
      <IsCustomizable>1</IsCustomizable>
      <CanBeDeleted>1</CanBeDeleted>
      <IsHidden>0</IsHidden>
      <FileName>/WebResources/new_XrmKendoUIGridRESTjs1003A0B9-FD6C-EA11-A811-000D3A34FA5F</FileName>
    </WebResource>
    <WebResource>
      <WebResourceId>{ec8944dd-fd6c-ea11-a811-000d3a34fa5f}</WebResourceId>
      <Name>new_jquery1.11.1.min.js</Name>
      <DisplayName>jquery1.11.1.min.js</DisplayName>
      <Description>jquery1.11.1.min.js</Description>
      <LanguageCode>1033</LanguageCode>
      <WebResourceType>3</WebResourceType>
      <IntroducedVersion>1.0.0.0</IntroducedVersion>
      <IsEnabledForMobileClient>0</IsEnabledForMobileClient>
      <IsAvailableForMobileOffline>0</IsAvailableForMobileOffline>
      <DependencyXml>&lt;Dependencies&gt;&lt;Dependency componentType="WebResource"/&gt;&lt;/Dependencies&gt;</DependencyXml>
      <IsCustomizable>1</IsCustomizable>
      <CanBeDeleted>1</CanBeDeleted>
      <IsHidden>0</IsHidden>
      <FileName>/WebResources/new_jquery1111minjsEC8944DD-FD6C-EA11-A811-000D3A34FA5F</FileName>
    </WebResource>
    <WebResource>
      <WebResourceId>{239f3dfd-fd6c-ea11-a811-000d3a34fa5f}</WebResourceId>
      <Name>new_Xrm.KendoUIGridREST.html</Name>
      <DisplayName>Xrm.KendoUIGridREST.html</DisplayName>
      <Description>Xrm.KendoUIGridREST.html</Description>
      <LanguageCode>1033</LanguageCode>
      <WebResourceType>1</WebResourceType>
      <IntroducedVersion>1.0.0.0</IntroducedVersion>
      <IsEnabledForMobileClient>0</IsEnabledForMobileClient>
      <IsAvailableForMobileOffline>0</IsAvailableForMobileOffline>
      <DependencyXml>&lt;Dependencies&gt;&lt;Dependency componentType="WebResource"/&gt;&lt;/Dependencies&gt;</DependencyXml>
      <IsCustomizable>1</IsCustomizable>
      <CanBeDeleted>1</CanBeDeleted>
      <IsHidden>0</IsHidden>
      <FileName>/WebResources/new_XrmKendoUIGridRESThtml239F3DFD-FD6C-EA11-A811-000D3A34FA5F</FileName>
    </WebResource>
    <WebResource>
      <WebResourceId>{decc1eac-076d-ea11-a811-000d3a34fa5f}</WebResourceId>
      <Name>new_kendo.all.min.js</Name>
      <DisplayName>kendo.all.min.js</DisplayName>
      <Description>kendo.all.min.js</Description>
      <LanguageCode>1033</LanguageCode>
      <WebResourceType>3</WebResourceType>
      <IntroducedVersion>1.0.0.0</IntroducedVersion>
      <IsEnabledForMobileClient>0</IsEnabledForMobileClient>
      <IsAvailableForMobileOffline>0</IsAvailableForMobileOffline>
      <DependencyXml>&lt;Dependencies&gt;&lt;Dependency componentType="WebResource"/&gt;&lt;/Dependencies&gt;</DependencyXml>
      <IsCustomizable>1</IsCustomizable>
      <CanBeDeleted>1</CanBeDeleted>
      <IsHidden>0</IsHidden>
      <FileName>/WebResources/new_kendoallminjsDECC1EAC-076D-EA11-A811-000D3A34FA5F</FileName>
    </WebResource>
    <WebResource>
      <WebResourceId>{72ec0c68-f76c-ea11-a811-000d3a363dd3}</WebResourceId>
      <Name>new_kendo.common.min.css</Name>
      <DisplayName>kendo.common.min.css</DisplayName>
      <Description>kendo.common.min.css</Description>
      <LanguageCode>1033</LanguageCode>
      <WebResourceType>2</WebResourceType>
      <IntroducedVersion>1.0.0.0</IntroducedVersion>
      <IsEnabledForMobileClient>0</IsEnabledForMobileClient>
      <IsAvailableForMobileOffline>0</IsAvailableForMobileOffline>
      <DependencyXml>&lt;Dependencies&gt;&lt;Dependency componentType="WebResource"/&gt;&lt;/Dependencies&gt;</DependencyXml>
      <IsCustomizable>1</IsCustomizable>
      <CanBeDeleted>1</CanBeDeleted>
      <IsHidden>0</IsHidden>
      <FileName>/WebResources/new_kendocommonmincss72EC0C68-F76C-EA11-A811-000D3A363DD3</FileName>
    </WebResource>
    <WebResource>
      <WebResourceId>{d878cd86-f76c-ea11-a811-000d3a363dd3}</WebResourceId>
      <Name>new_kendo.default.min.css</Name>
      <DisplayName>kendo.default.min.css</DisplayName>
      <Description>kendo.default.min.css</Description>
      <LanguageCode>1033</LanguageCode>
      <WebResourceType>2</WebResourceType>
      <IntroducedVersion>1.0.0.0</IntroducedVersion>
      <IsEnabledForMobileClient>0</IsEnabledForMobileClient>
      <IsAvailableForMobileOffline>0</IsAvailableForMobileOffline>
      <DependencyXml>&lt;Dependencies&gt;&lt;Dependency componentType="WebResource"/&gt;&lt;/Dependencies&gt;</DependencyXml>
      <IsCustomizable>1</IsCustomizable>
      <CanBeDeleted>1</CanBeDeleted>
      <IsHidden>0</IsHidden>
      <FileName>/WebResources/new_kendodefaultmincssD878CD86-F76C-EA11-A811-000D3A363DD3</FileName>
    </WebResource>
    <WebResource>
      <WebResourceId>{f046726e-f86c-ea11-a811-000d3a363dd3}</WebResourceId>
      <Name>new_Xrm.KendoUIGridREST.css</Name>
      <DisplayName>Xrm.KendoUIGridREST.css</DisplayName>
      <Description>Xrm.KendoUIGridREST.css</Description>
      <LanguageCode>1033</LanguageCode>
      <WebResourceType>2</WebResourceType>
      <IntroducedVersion>1.0.0.0</IntroducedVersion>
      <IsEnabledForMobileClient>0</IsEnabledForMobileClient>
      <IsAvailableForMobileOffline>0</IsAvailableForMobileOffline>
      <DependencyXml>&lt;Dependencies&gt;&lt;Dependency componentType="WebResource"/&gt;&lt;/Dependencies&gt;</DependencyXml>
      <IsCustomizable>1</IsCustomizable>
      <CanBeDeleted>1</CanBeDeleted>
      <IsHidden>0</IsHidden>
      <FileName>/WebResources/new_XrmKendoUIGridRESTcssF046726E-F86C-EA11-A811-000D3A363DD3</FileName>
    </WebResource>
    <WebResource>
      <WebResourceId>{8dcb56a2-f86c-ea11-a811-000d3a363dd3}</WebResourceId>
      <Name>new_KendoUI_editor.png</Name>
      <DisplayName>KendoUI_editor.png</DisplayName>
      <Description>KendoUI_editor.png</Description>
      <LanguageCode>1033</LanguageCode>
      <WebResourceType>5</WebResourceType>
      <IntroducedVersion>1.0.0.0</IntroducedVersion>
      <IsEnabledForMobileClient>0</IsEnabledForMobileClient>
      <IsAvailableForMobileOffline>0</IsAvailableForMobileOffline>
      <DependencyXml>&lt;Dependencies&gt;&lt;Dependency componentType="WebResource"/&gt;&lt;/Dependencies&gt;</DependencyXml>
      <IsCustomizable>1</IsCustomizable>
      <CanBeDeleted>1</CanBeDeleted>
      <IsHidden>0</IsHidden>
      <FileName>/WebResources/new_KendoUI_editorpng8DCB56A2-F86C-EA11-A811-000D3A363DD3</FileName>
    </WebResource>
    <WebResource>
      <WebResourceId>{8bb784ff-f86c-ea11-a811-000d3a363dd3}</WebResourceId>
      <Name>new_kendoUI_indeterminate.gif</Name>
      <DisplayName>kendoUI_indeterminate.gif</DisplayName>
      <Description>kendoUI_indeterminate.gif</Description>
      <LanguageCode>1033</LanguageCode>
      <WebResourceType>7</WebResourceType>
      <IntroducedVersion>1.0.0.0</IntroducedVersion>
      <IsEnabledForMobileClient>0</IsEnabledForMobileClient>
      <IsAvailableForMobileOffline>0</IsAvailableForMobileOffline>
      <DependencyXml>&lt;Dependencies&gt;&lt;Dependency componentType="WebResource"/&gt;&lt;/Dependencies&gt;</DependencyXml>
      <IsCustomizable>1</IsCustomizable>
      <CanBeDeleted>1</CanBeDeleted>
      <IsHidden>0</IsHidden>
      <FileName>/WebResources/new_kendoUI_indeterminategif8BB784FF-F86C-EA11-A811-000D3A363DD3</FileName>
    </WebResource>
    <WebResource>
      <WebResourceId>{4770ea4f-f96c-ea11-a811-000d3a363dd3}</WebResourceId>
      <Name>new_kendoUI_ImageBrowser.png</Name>
      <DisplayName>kendoUI_ImageBrowser.png</DisplayName>
      <Description>kendoUI_ImageBrowser.png</Description>
      <LanguageCode>1033</LanguageCode>
      <WebResourceType>5</WebResourceType>
      <IntroducedVersion>1.0.0.0</IntroducedVersion>
      <IsEnabledForMobileClient>0</IsEnabledForMobileClient>
      <IsAvailableForMobileOffline>0</IsAvailableForMobileOffline>
      <DependencyXml>&lt;Dependencies&gt;&lt;Dependency componentType="WebResource"/&gt;&lt;/Dependencies&gt;</DependencyXml>
      <IsCustomizable>1</IsCustomizable>
      <CanBeDeleted>1</CanBeDeleted>
      <IsHidden>0</IsHidden>
      <FileName>/WebResources/new_kendoUI_ImageBrowserpng4770EA4F-F96C-EA11-A811-000D3A363DD3</FileName>
    </WebResource>
    <WebResource>
      <WebResourceId>{c235e488-f96c-ea11-a811-000d3a363dd3}</WebResourceId>
      <Name>new_kendoUI_loading.gif</Name>
      <DisplayName>kendoUI_loading.gif</DisplayName>
      <Description>kendoUI_loading.gif</Description>
      <LanguageCode>1033</LanguageCode>
      <WebResourceType>7</WebResourceType>
      <IntroducedVersion>1.0.0.0</IntroducedVersion>
      <IsEnabledForMobileClient>0</IsEnabledForMobileClient>
      <IsAvailableForMobileOffline>0</IsAvailableForMobileOffline>
      <DependencyXml>&lt;Dependencies&gt;&lt;Dependency componentType="WebResource"/&gt;&lt;/Dependencies&gt;</DependencyXml>
      <IsCustomizable>1</IsCustomizable>
      <CanBeDeleted>1</CanBeDeleted>
      <IsHidden>0</IsHidden>
      <FileName>/WebResources/new_kendoUI_loadinggifC235E488-F96C-EA11-A811-000D3A363DD3</FileName>
    </WebResource>
  </WebResources>
  <CustomControls />
  <EntityDataProviders />
  <Languages>
    <Language>1033</Language>
  </Languages>
</ImportExportXml>