<ImportExportXml version="9.1.0.14759" SolutionPackageVersion="9.1" languagecode="1033" generatedBy="CrmLive" xmlns:xsi="http://www.w3.org/2001/XMLSchema-instance">
  <SolutionManifest>
    <UniqueName>KendoUISolution</UniqueName>
    <LocalizedNames>
      <LocalizedName description="KendoUISolution" languagecode="1033" />
    </LocalizedNames>
    <Descriptions />
    <Version>1.0.0.0</Version>
    <Managed>0</Managed>
    <Publisher>
      <UniqueName>DefaultPublisheravanade4</UniqueName>
      <LocalizedNames>
        <LocalizedName description="Default Publisher for avanade4" languagecode="1033" />
      </LocalizedNames>
      <Descriptions>
        <Description description="Default publisher for this organization" languagecode="1033" />
      </Descriptions>
      <EMailAddress xsi:nil="true"></EMailAddress>
      <SupportingWebsiteUrl xsi:nil="true"></SupportingWebsiteUrl>
      <CustomizationPrefix>new</CustomizationPrefix>
      <CustomizationOptionValuePrefix>10000</CustomizationOptionValuePrefix>
      <Addresses>
        <Address>
          <AddressNumber>1</AddressNumber>
          <AddressTypeCode xsi:nil="true"></AddressTypeCode>
          <City xsi:nil="true"></City>
          <County xsi:nil="true"></County>
          <Country xsi:nil="true"></Country>
          <Fax xsi:nil="true"></Fax>
          <FreightTermsCode xsi:nil="true"></FreightTermsCode>
          <ImportSequenceNumber xsi:nil="true"></ImportSequenceNumber>
          <Latitude xsi:nil="true"></Latitude>
          <Line1 xsi:nil="true"></Line1>
          <Line2 xsi:nil="true"></Line2>
          <Line3 xsi:nil="true"></Line3>
          <Longitude xsi:nil="true"></Longitude>
          <Name xsi:nil="true"></Name>
          <PostalCode xsi:nil="true"></PostalCode>
          <PostOfficeBox xsi:nil="true"></PostOfficeBox>
          <PrimaryContactName xsi:nil="true"></PrimaryContactName>
          <ShippingMethodCode xsi:nil="true"></ShippingMethodCode>
          <StateOrProvince xsi:nil="true"></StateOrProvince>
          <Telephone1 xsi:nil="true"></Telephone1>
          <Telephone2 xsi:nil="true"></Telephone2>
          <Telephone3 xsi:nil="true"></Telephone3>
          <TimeZoneRuleVersionNumber xsi:nil="true"></TimeZoneRuleVersionNumber>
          <UPSZone xsi:nil="true"></UPSZone>
          <UTCOffset xsi:nil="true"></UTCOffset>
          <UTCConversionTimeZoneCode xsi:nil="true"></UTCConversionTimeZoneCode>
        </Address>
        <Address>
          <AddressNumber>2</AddressNumber>
          <AddressTypeCode xsi:nil="true"></AddressTypeCode>
          <City xsi:nil="true"></City>
          <County xsi:nil="true"></County>
          <Country xsi:nil="true"></Country>
          <Fax xsi:nil="true"></Fax>
          <FreightTermsCode xsi:nil="true"></FreightTermsCode>
          <ImportSequenceNumber xsi:nil="true"></ImportSequenceNumber>
          <Latitude xsi:nil="true"></Latitude>
          <Line1 xsi:nil="true"></Line1>
          <Line2 xsi:nil="true"></Line2>
          <Line3 xsi:nil="true"></Line3>
          <Longitude xsi:nil="true"></Longitude>
          <Name xsi:nil="true"></Name>
          <PostalCode xsi:nil="true"></PostalCode>
          <PostOfficeBox xsi:nil="true"></PostOfficeBox>
          <PrimaryContactName xsi:nil="true"></PrimaryContactName>
          <ShippingMethodCode xsi:nil="true"></ShippingMethodCode>
          <StateOrProvince xsi:nil="true"></StateOrProvince>
          <Telephone1 xsi:nil="true"></Telephone1>
          <Telephone2 xsi:nil="true"></Telephone2>
          <Telephone3 xsi:nil="true"></Telephone3>
          <TimeZoneRuleVersionNumber xsi:nil="true"></TimeZoneRuleVersionNumber>
          <UPSZone xsi:nil="true"></UPSZone>
          <UTCOffset xsi:nil="true"></UTCOffset>
          <UTCConversionTimeZoneCode xsi:nil="true"></UTCConversionTimeZoneCode>
        </Address>
      </Addresses>
    </Publisher>
    <RootComponents>
      <RootComponent type="60" id="{0c6f23ea-326d-ea11-a811-000d3a34fa5f}" behavior="0" />
      <RootComponent type="61" schemaName="new_jquery1.11.1.min.js" behavior="0" />
      <RootComponent type="61" schemaName="new_kendo.all.min.js" behavior="0" />
      <RootComponent type="61" schemaName="new_kendo.common.min.css" behavior="0" />
      <RootComponent type="61" schemaName="new_kendo.default.min.css" behavior="0" />
      <RootComponent type="61" schemaName="new_KendoUI_editor.png" behavior="0" />
      <RootComponent type="61" schemaName="new_kendoUI_ImageBrowser.png" behavior="0" />
      <RootComponent type="61" schemaName="new_kendoUI_indeterminate.gif" behavior="0" />
      <RootComponent type="61" schemaName="new_kendoUI_loading.gif" behavior="0" />
      <RootComponent type="61" schemaName="new_kendoUI_loading_2x.gif" behavior="0" />
      <RootComponent type="61" schemaName="new_kendoUI_loading_image.gif" behavior="0" />
      <RootComponent type="61" schemaName="new_kendoUI_markers.png" behavior="0" />
      <RootComponent type="61" schemaName="new_kendoUI_markers_2x.png" behavior="0" />
      <RootComponent type="61" schemaName="new_kendoUI_slider_h.gif" behavior="0" />
      <RootComponent type="61" schemaName="new_kendoUI_slider_v.gif" behavior="0" />
      <RootComponent type="61" schemaName="new_kendoUI_sprite.png" behavior="0" />
      <RootComponent type="61" schemaName="new_kendoUI_sprite_2x.png" behavior="0" />
      <RootComponent type="61" schemaName="new_Xrm.KendoUIGridREST.css" behavior="0" />
      <RootComponent type="61" schemaName="new_Xrm.KendoUIGridREST.html" behavior="0" />
      <RootComponent type="61" schemaName="new_Xrm.KendoUIGridREST.js" behavior="0" />
    </RootComponents>
    <MissingDependencies />
  </SolutionManifest>
</ImportExportXml>